date,price,source
1258-01-01,0.89,measuringworth_british (GBP)
1259-01-01,0.89,measuringworth_british (GBP)
1260-01-01,0.89,measuringworth_british (GBP)
1261-01-01,0.89,measuringworth_british (GBP)
1262-01-01,0.89,measuringworth_british (GBP)
1263-01-01,0.89,measuringworth_british (GBP)
1264-01-01,0.89,measuringworth_british (GBP)
1265-01-01,1.07,measuringworth_british (GBP)
1266-01-01,1.07,measuringworth_british (GBP)
1267-01-01,1.07,measuringworth_british (GBP)
1268-01-01,1.07,measuringworth_british (GBP)
1269-01-01,1.07,measuringworth_british (GBP)
1270-01-01,1.07,measuringworth_british (GBP)
1271-01-01,1.07,measuringworth_british (GBP)
1272-01-01,1.07,measuringworth_british (GBP)
1273-01-01,1.07,measuringworth_british (GBP)
1274-01-01,1.07,measuringworth_british (GBP)
1275-01-01,1.07,measuringworth_british (GBP)
1276-01-01,1.07,measuringworth_british (GBP)
1277-01-01,1.07,measuringworth_british (GBP)
1278-01-01,1.07,measuringworth_british (GBP)
1279-01-01,1.07,measuringworth_british (GBP)
1280-01-01,1.07,measuringworth_british (GBP)
1281-01-01,1.07,measuringworth_british (GBP)
1282-01-01,1.07,measuringworth_british (GBP)
1283-01-01,1.07,measuringworth_british (GBP)
1284-01-01,1.07,measuringworth_british (GBP)
1285-01-01,1.07,measuringworth_british (GBP)
1286-01-01,1.07,measuringworth_british (GBP)
1287-01-01,1.07,measuringworth_british (GBP)
1288-01-01,1.07,measuringworth_british (GBP)
1289-01-01,1.07,measuringworth_british (GBP)
1290-01-01,1.07,measuringworth_british (GBP)
1291-01-01,1.07,measuringworth_british (GBP)
1292-01-01,1.07,measuringworth_british (GBP)
1293-01-01,1.07,measuringworth_british (GBP)
1294-01-01,1.07,measuringworth_british (GBP)
1295-01-01,1.07,measuringworth_british (GBP)
1296-01-01,1.07,measuringworth_british (GBP)
1297-01-01,1.07,measuringworth_british (GBP)
1298-01-01,1.07,measuringworth_british (GBP)
1299-01-01,1.07,measuringworth_british (GBP)
1300-01-01,1.07,measuringworth_british (GBP)
1301-01-01,1.07,measuringworth_british (GBP)
1302-01-01,1.07,measuringworth_british (GBP)
1303-01-01,1.07,measuringworth_british (GBP)
1304-01-01,1.07,measuringworth_british (GBP)
1305-01-01,1.07,measuringworth_british (GBP)
1306-01-01,1.07,measuringworth_british (GBP)
1307-01-01,1.07,measuringworth_british (GBP)
1308-01-01,1.07,measuringworth_british (GBP)
1309-01-01,1.07,measuringworth_british (GBP)
1310-01-01,1.07,measuringworth_british (GBP)
1311-01-01,1.07,measuringworth_british (GBP)
1312-01-01,1.07,measuringworth_british (GBP)
1313-01-01,1.07,measuringworth_british (GBP)
1314-01-01,1.07,measuringworth_british (GBP)
1315-01-01,1.07,measuringworth_british (GBP)
1316-01-01,1.07,measuringworth_british (GBP)
1317-01-01,1.07,measuringworth_british (GBP)
1318-01-01,1.07,measuringworth_british (GBP)
1319-01-01,1.07,measuringworth_british (GBP)
1320-01-01,1.07,measuringworth_british (GBP)
1321-01-01,1.07,measuringworth_british (GBP)
1322-01-01,1.07,measuringworth_british (GBP)
1323-01-01,1.07,measuringworth_british (GBP)
1324-01-01,1.07,measuringworth_british (GBP)
1325-01-01,1.07,measuringworth_british (GBP)
1326-01-01,1.07,measuringworth_british (GBP)
1327-01-01,1.07,measuringworth_british (GBP)
1328-01-01,1.07,measuringworth_british (GBP)
1329-01-01,1.07,measuringworth_british (GBP)
1330-01-01,1.07,measuringworth_british (GBP)
1331-01-01,1.07,measuringworth_british (GBP)
1332-01-01,1.07,measuringworth_british (GBP)
1333-01-01,1.07,measuringworth_british (GBP)
1334-01-01,1.07,measuringworth_british (GBP)
1335-01-01,1.07,measuringworth_british (GBP)
1336-01-01,1.07,measuringworth_british (GBP)
1337-01-01,1.07,measuringworth_british (GBP)
1338-01-01,1.07,measuringworth_british (GBP)
1339-01-01,1.07,measuringworth_british (GBP)
1340-01-01,1.07,measuringworth_british (GBP)
1341-01-01,1.07,measuringworth_british (GBP)
1342-01-01,1.07,measuringworth_british (GBP)
1343-01-01,1.33,measuringworth_british (GBP)
1344-01-01,1.17,measuringworth_british (GBP)
1345-01-01,1.17,measuringworth_british (GBP)
1346-01-01,1.24,measuringworth_british (GBP)
1347-01-01,1.24,measuringworth_british (GBP)
1348-01-01,1.24,measuringworth_british (GBP)
1349-01-01,1.25,measuringworth_british (GBP)
1350-01-01,1.25,measuringworth_british (GBP)
1351-01-01,1.34,measuringworth_british (GBP)
1352-01-01,1.34,measuringworth_british (GBP)
1353-01-01,1.34,measuringworth_british (GBP)
1354-01-01,1.34,measuringworth_british (GBP)
1355-01-01,1.34,measuringworth_british (GBP)
1356-01-01,1.34,measuringworth_british (GBP)
1357-01-01,1.34,measuringworth_british (GBP)
1358-01-01,1.34,measuringworth_british (GBP)
1359-01-01,1.34,measuringworth_british (GBP)
1360-01-01,1.34,measuringworth_british (GBP)
1361-01-01,1.34,measuringworth_british (GBP)
1362-01-01,1.34,measuringworth_british (GBP)
1363-01-01,1.34,measuringworth_british (GBP)
1364-01-01,1.34,measuringworth_british (GBP)
1365-01-01,1.34,measuringworth_british (GBP)
1366-01-01,1.34,measuringworth_british (GBP)
1367-01-01,1.34,measuringworth_british (GBP)
1368-01-01,1.34,measuringworth_british (GBP)
1369-01-01,1.34,measuringworth_british (GBP)
1370-01-01,1.34,measuringworth_british (GBP)
1371-01-01,1.34,measuringworth_british (GBP)
1372-01-01,1.34,measuringworth_british (GBP)
1373-01-01,1.34,measuringworth_british (GBP)
1374-01-01,1.34,measuringworth_british (GBP)
1375-01-01,1.34,measuringworth_british (GBP)
1376-01-01,1.34,measuringworth_british (GBP)
1377-01-01,1.34,measuringworth_british (GBP)
1378-01-01,1.34,measuringworth_british (GBP)
1379-01-01,1.34,measuringworth_british (GBP)
1380-01-01,1.34,measuringworth_british (GBP)
1381-01-01,1.34,measuringworth_british (GBP)
1382-01-01,1.34,measuringworth_british (GBP)
1383-01-01,1.34,measuringworth_british (GBP)
1384-01-01,1.34,measuringworth_british (GBP)
1385-01-01,1.34,measuringworth_british (GBP)
1386-01-01,1.34,measuringworth_british (GBP)
1387-01-01,1.34,measuringworth_british (GBP)
1388-01-01,1.34,measuringworth_british (GBP)
1389-01-01,1.34,measuringworth_british (GBP)
1390-01-01,1.34,measuringworth_british (GBP)
1391-01-01,1.34,measuringworth_british (GBP)
1392-01-01,1.34,measuringworth_british (GBP)
1393-01-01,1.34,measuringworth_british (GBP)
1394-01-01,1.34,measuringworth_british (GBP)
1395-01-01,1.34,measuringworth_british (GBP)
1396-01-01,1.34,measuringworth_british (GBP)
1397-01-01,1.34,measuringworth_british (GBP)
1398-01-01,1.34,measuringworth_british (GBP)
1399-01-01,1.34,measuringworth_british (GBP)
1400-01-01,1.34,measuringworth_british (GBP)
1401-01-01,1.34,measuringworth_british (GBP)
1402-01-01,1.34,measuringworth_british (GBP)
1403-01-01,1.34,measuringworth_british (GBP)
1404-01-01,1.34,measuringworth_british (GBP)
1405-01-01,1.34,measuringworth_british (GBP)
1406-01-01,1.34,measuringworth_british (GBP)
1407-01-01,1.34,measuringworth_british (GBP)
1408-01-01,1.34,measuringworth_british (GBP)
1409-01-01,1.43,measuringworth_british (GBP)
1410-01-01,1.43,measuringworth_british (GBP)
1411-01-01,1.43,measuringworth_british (GBP)
1412-01-01,1.49,measuringworth_british (GBP)
1413-01-01,1.49,measuringworth_british (GBP)
1414-01-01,1.49,measuringworth_british (GBP)
1415-01-01,1.49,measuringworth_british (GBP)
1416-01-01,1.49,measuringworth_british (GBP)
1417-01-01,1.49,measuringworth_british (GBP)
1418-01-01,1.49,measuringworth_british (GBP)
1419-01-01,1.49,measuringworth_british (GBP)
1420-01-01,1.49,measuringworth_british (GBP)
1421-01-01,1.49,measuringworth_british (GBP)
1422-01-01,1.49,measuringworth_british (GBP)
1423-01-01,1.49,measuringworth_british (GBP)
1424-01-01,1.49,measuringworth_british (GBP)
1425-01-01,1.49,measuringworth_british (GBP)
1426-01-01,1.49,measuringworth_british (GBP)
1427-01-01,1.49,measuringworth_british (GBP)
1428-01-01,1.49,measuringworth_british (GBP)
1429-01-01,1.49,measuringworth_british (GBP)
1430-01-01,1.49,measuringworth_british (GBP)
1431-01-01,1.49,measuringworth_british (GBP)
1432-01-01,1.49,measuringworth_british (GBP)
1433-01-01,1.49,measuringworth_british (GBP)
1434-01-01,1.49,measuringworth_british (GBP)
1435-01-01,1.49,measuringworth_british (GBP)
1436-01-01,1.49,measuringworth_british (GBP)
1437-01-01,1.49,measuringworth_british (GBP)
1438-01-01,1.49,measuringworth_british (GBP)
1439-01-01,1.49,measuringworth_british (GBP)
1440-01-01,1.49,measuringworth_british (GBP)
1441-01-01,1.49,measuringworth_british (GBP)
1442-01-01,1.49,measuringworth_british (GBP)
1443-01-01,1.49,measuringworth_british (GBP)
1444-01-01,1.49,measuringworth_british (GBP)
1445-01-01,1.49,measuringworth_british (GBP)
1446-01-01,1.49,measuringworth_british (GBP)
1447-01-01,1.49,measuringworth_british (GBP)
1448-01-01,1.49,measuringworth_british (GBP)
1449-01-01,1.49,measuringworth_british (GBP)
1450-01-01,1.49,measuringworth_british (GBP)
1451-01-01,1.49,measuringworth_british (GBP)
1452-01-01,1.49,measuringworth_british (GBP)
1453-01-01,1.49,measuringworth_british (GBP)
1454-01-01,1.49,measuringworth_british (GBP)
1455-01-01,1.49,measuringworth_british (GBP)
1456-01-01,1.49,measuringworth_british (GBP)
1457-01-01,1.49,measuringworth_british (GBP)
1458-01-01,1.49,measuringworth_british (GBP)
1459-01-01,1.49,measuringworth_british (GBP)
1460-01-01,1.49,measuringworth_british (GBP)
1461-01-01,1.49,measuringworth_british (GBP)
1462-01-01,1.49,measuringworth_british (GBP)
1463-01-01,1.49,measuringworth_british (GBP)
1464-01-01,1.86,measuringworth_british (GBP)
1465-01-01,2.01,measuringworth_british (GBP)
1466-01-01,2.01,measuringworth_british (GBP)
1467-01-01,2.01,measuringworth_british (GBP)
1468-01-01,2.01,measuringworth_british (GBP)
1469-01-01,2.01,measuringworth_british (GBP)
1470-01-01,2.01,measuringworth_british (GBP)
1471-01-01,2.01,measuringworth_british (GBP)
1472-01-01,2.01,measuringworth_british (GBP)
1473-01-01,2.01,measuringworth_british (GBP)
1474-01-01,2.01,measuringworth_british (GBP)
1475-01-01,2.01,measuringworth_british (GBP)
1476-01-01,2.01,measuringworth_british (GBP)
1477-01-01,2.01,measuringworth_british (GBP)
1478-01-01,2.01,measuringworth_british (GBP)
1479-01-01,2.01,measuringworth_british (GBP)
1480-01-01,2.01,measuringworth_british (GBP)
1481-01-01,2.01,measuringworth_british (GBP)
1482-01-01,2.01,measuringworth_british (GBP)
1483-01-01,2.01,measuringworth_british (GBP)
1484-01-01,2.01,measuringworth_british (GBP)
1485-01-01,2.01,measuringworth_british (GBP)
1486-01-01,2.01,measuringworth_british (GBP)
1487-01-01,2.01,measuringworth_british (GBP)
1488-01-01,2.01,measuringworth_british (GBP)
1489-01-01,2.01,measuringworth_british (GBP)
1490-01-01,2.01,measuringworth_british (GBP)
1491-01-01,2.01,measuringworth_british (GBP)
1492-01-01,2.01,measuringworth_british (GBP)
1493-01-01,2.01,measuringworth_british (GBP)
1494-01-01,2.01,measuringworth_british (GBP)
1495-01-01,2.01,measuringworth_british (GBP)
1496-01-01,2.01,measuringworth_british (GBP)
1497-01-01,2.01,measuringworth_british (GBP)
1498-01-01,2.01,measuringworth_british (GBP)
1499-01-01,2.01,measuringworth_british (GBP)
1500-01-01,2.01,measuringworth_british (GBP)
1501-01-01,2.01,measuringworth_british (GBP)
1502-01-01,2.01,measuringworth_british (GBP)
1503-01-01,2.01,measuringworth_british (GBP)
1504-01-01,2.01,measuringworth_british (GBP)
1505-01-01,2.01,measuringworth_british (GBP)
1506-01-01,2.01,measuringworth_british (GBP)
1507-01-01,2.01,measuringworth_british (GBP)
1508-01-01,2.01,measuringworth_british (GBP)
1509-01-01,2.01,measuringworth_british (GBP)
1510-01-01,2.01,measuringworth_british (GBP)
1511-01-01,2.01,measuringworth_british (GBP)
1512-01-01,2.01,measuringworth_british (GBP)
1513-01-01,2.01,measuringworth_british (GBP)
1514-01-01,2.01,measuringworth_british (GBP)
1515-01-01,2.01,measuringworth_british (GBP)
1516-01-01,2.01,measuringworth_british (GBP)
1517-01-01,2.01,measuringworth_british (GBP)
1518-01-01,2.01,measuringworth_british (GBP)
1519-01-01,2.01,measuringworth_british (GBP)
1520-01-01,2.01,measuringworth_british (GBP)
1521-01-01,2.01,measuringworth_british (GBP)
1522-01-01,2.01,measuringworth_british (GBP)
1523-01-01,2.01,measuringworth_british (GBP)
1524-01-01,2.01,measuringworth_british (GBP)
1525-01-01,2.01,measuringworth_british (GBP)
1526-01-01,2.26,measuringworth_british (GBP)
1527-01-01,2.26,measuringworth_british (GBP)
1528-01-01,2.26,measuringworth_british (GBP)
1529-01-01,2.26,measuringworth_british (GBP)
1530-01-01,2.26,measuringworth_british (GBP)
1531-01-01,2.26,measuringworth_british (GBP)
1532-01-01,2.26,measuringworth_british (GBP)
1533-01-01,2.28,measuringworth_british (GBP)
1534-01-01,2.28,measuringworth_british (GBP)
1535-01-01,2.28,measuringworth_british (GBP)
1536-01-01,2.28,measuringworth_british (GBP)
1537-01-01,2.28,measuringworth_british (GBP)
1538-01-01,2.28,measuringworth_british (GBP)
1539-01-01,2.28,measuringworth_british (GBP)
1540-01-01,2.28,measuringworth_british (GBP)
1541-01-01,2.28,measuringworth_british (GBP)
1542-01-01,2.28,measuringworth_british (GBP)
1543-01-01,2.28,measuringworth_british (GBP)
1544-01-01,2.5,measuringworth_british (GBP)
1545-01-01,2.73,measuringworth_british (GBP)
1546-01-01,3.0,measuringworth_british (GBP)
1547-01-01,3.0,measuringworth_british (GBP)
1548-01-01,3.0,measuringworth_british (GBP)
1549-01-01,3.09,measuringworth_british (GBP)
1550-01-01,3.09,measuringworth_british (GBP)
1551-01-01,3.02,measuringworth_british (GBP)
1552-01-01,3.02,measuringworth_british (GBP)
1553-01-01,3.02,measuringworth_british (GBP)
1554-01-01,3.02,measuringworth_british (GBP)
1555-01-01,3.02,measuringworth_british (GBP)
1556-01-01,3.02,measuringworth_british (GBP)
1557-01-01,3.02,measuringworth_british (GBP)
1558-01-01,3.02,measuringworth_british (GBP)
1559-01-01,3.02,measuringworth_british (GBP)
1560-01-01,3.02,measuringworth_british (GBP)
1561-01-01,3.02,measuringworth_british (GBP)
1562-01-01,3.02,measuringworth_british (GBP)
1563-01-01,3.02,measuringworth_british (GBP)
1564-01-01,3.02,measuringworth_british (GBP)
1565-01-01,3.02,measuringworth_british (GBP)
1566-01-01,3.02,measuringworth_british (GBP)
1567-01-01,3.02,measuringworth_british (GBP)
1568-01-01,3.02,measuringworth_british (GBP)
1569-01-01,3.02,measuringworth_british (GBP)
1570-01-01,3.02,measuringworth_british (GBP)
1571-01-01,3.02,measuringworth_british (GBP)
1572-01-01,3.02,measuringworth_british (GBP)
1573-01-01,3.02,measuringworth_british (GBP)
1574-01-01,3.02,measuringworth_british (GBP)
1575-01-01,3.02,measuringworth_british (GBP)
1576-01-01,3.02,measuringworth_british (GBP)
1577-01-01,3.02,measuringworth_british (GBP)
1578-01-01,3.03,measuringworth_british (GBP)
1579-01-01,3.03,measuringworth_british (GBP)
1580-01-01,3.03,measuringworth_british (GBP)
1581-01-01,3.03,measuringworth_british (GBP)
1582-01-01,3.03,measuringworth_british (GBP)
1583-01-01,3.02,measuringworth_british (GBP)
1584-01-01,3.02,measuringworth_british (GBP)
1585-01-01,3.02,measuringworth_british (GBP)
1586-01-01,3.02,measuringworth_british (GBP)
1587-01-01,3.02,measuringworth_british (GBP)
1588-01-01,3.02,measuringworth_british (GBP)
1589-01-01,3.02,measuringworth_british (GBP)
1590-01-01,3.02,measuringworth_british (GBP)
1591-01-01,3.02,measuringworth_british (GBP)
1592-01-01,3.02,measuringworth_british (GBP)
1593-01-01,3.0,measuringworth_british (GBP)
1594-01-01,3.0,measuringworth_british (GBP)
1595-01-01,3.0,measuringworth_british (GBP)
1596-01-01,3.0,measuringworth_british (GBP)
1597-01-01,3.0,measuringworth_british (GBP)
1598-01-01,3.0,measuringworth_british (GBP)
1599-01-01,3.0,measuringworth_british (GBP)
1600-01-01,3.0,measuringworth_british (GBP)
1601-01-01,3.05,measuringworth_british (GBP)
1602-01-01,3.05,measuringworth_british (GBP)
1603-01-01,3.05,measuringworth_british (GBP)
1604-01-01,3.38,measuringworth_british (GBP)
1605-01-01,3.38,measuringworth_british (GBP)
1606-01-01,3.38,measuringworth_british (GBP)
1607-01-01,3.38,measuringworth_british (GBP)
1608-01-01,3.38,measuringworth_british (GBP)
1609-01-01,3.38,measuringworth_british (GBP)
1610-01-01,3.38,measuringworth_british (GBP)
1611-01-01,3.72,measuringworth_british (GBP)
1612-01-01,3.72,measuringworth_british (GBP)
1613-01-01,3.72,measuringworth_british (GBP)
1614-01-01,3.72,measuringworth_british (GBP)
1615-01-01,3.72,measuringworth_british (GBP)
1616-01-01,3.72,measuringworth_british (GBP)
1617-01-01,3.72,measuringworth_british (GBP)
1618-01-01,3.72,measuringworth_british (GBP)
1619-01-01,3.73,measuringworth_british (GBP)
1620-01-01,3.73,measuringworth_british (GBP)
1621-01-01,3.73,measuringworth_british (GBP)
1622-01-01,3.73,measuringworth_british (GBP)
1623-01-01,3.73,measuringworth_british (GBP)
1624-01-01,3.73,measuringworth_british (GBP)
1625-01-01,3.73,measuringworth_british (GBP)
1626-01-01,3.73,measuringworth_british (GBP)
1627-01-01,3.73,measuringworth_british (GBP)
1628-01-01,3.73,measuringworth_british (GBP)
1629-01-01,3.73,measuringworth_british (GBP)
1630-01-01,3.73,measuringworth_british (GBP)
1631-01-01,3.73,measuringworth_british (GBP)
1632-01-01,3.73,measuringworth_british (GBP)
1633-01-01,3.73,measuringworth_british (GBP)
1634-01-01,3.73,measuringworth_british (GBP)
1635-01-01,3.73,measuringworth_british (GBP)
1636-01-01,3.73,measuringworth_british (GBP)
1637-01-01,3.73,measuringworth_british (GBP)
1638-01-01,3.73,measuringworth_british (GBP)
1639-01-01,3.73,measuringworth_british (GBP)
1640-01-01,3.73,measuringworth_british (GBP)
1641-01-01,3.73,measuringworth_british (GBP)
1642-01-01,3.73,measuringworth_british (GBP)
1643-01-01,3.73,measuringworth_british (GBP)
1644-01-01,3.73,measuringworth_british (GBP)
1645-01-01,3.73,measuringworth_british (GBP)
1646-01-01,3.73,measuringworth_british (GBP)
1647-01-01,3.73,measuringworth_british (GBP)
1648-01-01,3.73,measuringworth_british (GBP)
1649-01-01,3.73,measuringworth_british (GBP)
1650-01-01,3.73,measuringworth_british (GBP)
1651-01-01,3.73,measuringworth_british (GBP)
1652-01-01,3.73,measuringworth_british (GBP)
1653-01-01,3.73,measuringworth_british (GBP)
1654-01-01,3.73,measuringworth_british (GBP)
1655-01-01,3.73,measuringworth_british (GBP)
1656-01-01,3.73,measuringworth_british (GBP)
1657-01-01,3.73,measuringworth_british (GBP)
1658-01-01,3.73,measuringworth_british (GBP)
1659-01-01,3.73,measuringworth_british (GBP)
1660-01-01,3.73,measuringworth_british (GBP)
1661-01-01,3.98,measuringworth_british (GBP)
1662-01-01,3.98,measuringworth_british (GBP)
1663-01-01,4.05,measuringworth_british (GBP)
1664-01-01,4.05,measuringworth_british (GBP)
1665-01-01,4.05,measuringworth_british (GBP)
1666-01-01,4.05,measuringworth_british (GBP)
1667-01-01,4.05,measuringworth_british (GBP)
1668-01-01,4.05,measuringworth_british (GBP)
1669-01-01,4.05,measuringworth_british (GBP)
1670-01-01,4.05,measuringworth_british (GBP)
1671-01-01,4.05,measuringworth_british (GBP)
1672-01-01,4.05,measuringworth_british (GBP)
1673-01-01,4.05,measuringworth_british (GBP)
1674-01-01,4.05,measuringworth_british (GBP)
1675-01-01,4.05,measuringworth_british (GBP)
1676-01-01,4.05,measuringworth_british (GBP)
1677-01-01,4.05,measuringworth_british (GBP)
1678-01-01,4.05,measuringworth_british (GBP)
1679-01-01,4.05,measuringworth_british (GBP)
1680-01-01,4.05,measuringworth_british (GBP)
1681-01-01,4.05,measuringworth_british (GBP)
1682-01-01,4.05,measuringworth_british (GBP)
1683-01-01,4.05,measuringworth_british (GBP)
1684-01-01,4.05,measuringworth_british (GBP)
1685-01-01,4.05,measuringworth_british (GBP)
1686-01-01,4.05,measuringworth_british (GBP)
1687-01-01,4.05,measuringworth_british (GBP)
1688-01-01,4.05,measuringworth_british (GBP)
1689-01-01,4.05,measuringworth_british (GBP)
1690-01-01,4.05,measuringworth_british (GBP)
1691-01-01,4.05,measuringworth_british (GBP)
1692-01-01,4.05,measuringworth_british (GBP)
1693-01-01,4.05,measuringworth_british (GBP)
1694-01-01,4.05,measuringworth_british (GBP)
1695-01-01,4.05,measuringworth_british (GBP)
1696-01-01,4.45,measuringworth_british (GBP)
1697-01-01,4.45,measuringworth_british (GBP)
1698-01-01,4.45,measuringworth_british (GBP)
1699-01-01,4.35,measuringworth_british (GBP)
1700-01-01,4.35,measuringworth_british (GBP)
1701-01-01,4.35,measuringworth_british (GBP)
1702-01-01,4.35,measuringworth_british (GBP)
1703-01-01,4.35,measuringworth_british (GBP)
1704-01-01,4.35,measuringworth_british (GBP)
1705-01-01,4.35,measuringworth_british (GBP)
1706-01-01,4.35,measuringworth_british (GBP)
1707-01-01,4.35,measuringworth_british (GBP)
1708-01-01,4.35,measuringworth_british (GBP)
1709-01-01,4.35,measuringworth_british (GBP)
1710-01-01,4.35,measuringworth_british (GBP)
1711-01-01,4.35,measuringworth_british (GBP)
1712-01-01,4.35,measuringworth_british (GBP)
1713-01-01,4.35,measuringworth_british (GBP)
1714-01-01,4.35,measuringworth_british (GBP)
1715-01-01,4.35,measuringworth_british (GBP)
1716-01-01,4.35,measuringworth_british (GBP)
1717-01-01,4.25,measuringworth_british (GBP)
1718-01-01,4.31,measuringworth_london (GBP)
1719-01-01,4.26,measuringworth_london (GBP)
1720-01-01,4.31,measuringworth_london (GBP)
1721-01-01,4.26,measuringworth_london (GBP)
1722-01-01,4.25,measuringworth_london (GBP)
1723-01-01,4.26,measuringworth_london (GBP)
1724-01-01,4.25,measuringworth_london (GBP)
1725-01-01,4.25,measuringworth_london (GBP)
1726-01-01,4.25,measuringworth_london (GBP)
1727-01-01,4.25,measuringworth_london (GBP)
1728-01-01,4.28,measuringworth_london (GBP)
1729-01-01,4.3,measuringworth_london (GBP)
1730-01-01,4.29,measuringworth_london (GBP)
1731-01-01,4.26,measuringworth_london (GBP)
1732-01-01,4.26,measuringworth_london (GBP)
1733-01-01,4.27,measuringworth_london (GBP)
1734-01-01,4.26,measuringworth_london (GBP)
1735-01-01,4.28,measuringworth_london (GBP)
1736-01-01,4.26,measuringworth_london (GBP)
1737-01-01,4.26,measuringworth_london (GBP)
1738-01-01,4.26,measuringworth_london (GBP)
1739-01-01,4.25,measuringworth_london (GBP)
1740-01-01,4.25,measuringworth_london (GBP)
1741-01-01,4.27,measuringworth_london (GBP)
1742-01-01,4.28,measuringworth_london (GBP)
1743-01-01,4.3,measuringworth_london (GBP)
1744-01-01,4.31,measuringworth_london (GBP)
1745-01-01,4.29,measuringworth_london (GBP)
1746-01-01,4.25,measuringworth_london (GBP)
1747-01-01,4.28,measuringworth_london (GBP)
1748-01-01,4.26,measuringworth_london (GBP)
1749-01-01,4.25,measuringworth_london (GBP)
1750-01-01,4.26,measuringworth_london (GBP)
1751-01-01,4.25,measuringworth_london (GBP)
1752-01-01,4.26,measuringworth_london (GBP)
1753-01-01,4.27,measuringworth_london (GBP)
1754-01-01,4.25,measuringworth_london (GBP)
1755-01-01,4.25,measuringworth_london (GBP)
1756-01-01,4.25,measuringworth_london (GBP)
1757-01-01,4.25,measuringworth_london (GBP)
1758-01-01,4.3,measuringworth_london (GBP)
1759-01-01,4.33,measuringworth_london (GBP)
1760-01-01,4.3,measuringworth_london (GBP)
1761-01-01,4.35,measuringworth_london (GBP)
1762-01-01,4.32,measuringworth_london (GBP)
1763-01-01,4.37,measuringworth_london (GBP)
1764-01-01,4.26,measuringworth_london (GBP)
1765-01-01,4.26,measuringworth_london (GBP)
1766-01-01,4.31,measuringworth_london (GBP)
1767-01-01,4.34,measuringworth_london (GBP)
1768-01-01,4.32,measuringworth_london (GBP)
1769-01-01,4.38,measuringworth_london (GBP)
1770-01-01,4.37,measuringworth_london (GBP)
1771-01-01,4.35,measuringworth_london (GBP)
1772-01-01,4.35,measuringworth_london (GBP)
1773-01-01,4.25,measuringworth_london (GBP)
1774-01-01,4.24,measuringworth_london (GBP)
1775-01-01,4.23,measuringworth_london (GBP)
1776-01-01,4.23,measuringworth_london (GBP)
1777-01-01,4.23,measuringworth_london (GBP)
1778-01-01,4.23,measuringworth_london (GBP)
1779-01-01,4.23,measuringworth_london (GBP)
1780-01-01,4.23,measuringworth_london (GBP)
1781-01-01,4.23,measuringworth_london (GBP)
1782-01-01,4.23,measuringworth_london (GBP)
1783-01-01,4.25,measuringworth_london (GBP)
1784-01-01,4.25,measuringworth_london (GBP)
1785-01-01,4.24,measuringworth_london (GBP)
1786-01-01,4.23,measuringworth_london (GBP)
1787-01-01,4.23,measuringworth_london (GBP)
1788-01-01,4.23,measuringworth_london (GBP)
1789-01-01,4.23,measuringworth_london (GBP)
1790-01-01,4.23,measuringworth_london (GBP)
1791-01-01,4.23,measuringworth_london (GBP)
1792-01-01,18.9081,measuringworth_london (GBP->USD)
1793-01-01,19.0773,measuringworth_london (GBP->USD)
1794-01-01,20.0925,measuringworth_london (GBP->USD)
1795-01-01,19.161900000000003,measuringworth_london (GBP->USD)
1796-01-01,18.146700000000003,measuringworth_london (GBP->USD)
1797-01-01,18.781200000000002,measuringworth_london (GBP->USD)
1798-01-01,18.6575,measuringworth_london (GBP->USD)
1799-01-01,17.5112,measuringworth_london (GBP->USD)
1800-01-01,19.383,measuringworth_london (GBP->USD)
1801-01-01,18.7902,measuringworth_london (GBP->USD)
1802-01-01,19.3519,measuringworth_london (GBP->USD)
1803-01-01,19.703599999999998,measuringworth_london (GBP->USD)
1804-01-01,19.838,measuringworth_london (GBP->USD)
1805-01-01,18.966,measuringworth_london (GBP->USD)
1806-01-01,19.580599999999997,measuringworth_london (GBP->USD)
1807-01-01,19.757399999999997,measuringworth_london (GBP->USD)
1808-01-01,20.927599999999998,measuringworth_london (GBP->USD)
1809-01-01,20.930600000000002,measuringworth_london (GBP->USD)
1810-01-01,19.909,measuringworth_london (GBP->USD)
1811-01-01,19.8258,measuringworth_london (GBP->USD)
1812-01-01,19.837600000000002,measuringworth_london (GBP->USD)
1813-01-01,21.599999999999998,measuringworth_london (GBP->USD)
1814-01-01,22.090400000000002,measuringworth_london (GBP->USD)
1815-01-01,24.451000000000004,measuringworth_london (GBP->USD)
1816-01-01,22.7592,measuringworth_london (GBP->USD)
1817-01-01,19.918,measuringworth_london (GBP->USD)
1818-01-01,19.98,measuringworth_london (GBP->USD)
1819-01-01,19.6636,measuringworth_london (GBP->USD)
1820-01-01,19.209999999999997,measuringworth_london (GBP->USD)
1821-01-01,20.485,measuringworth_london (GBP->USD)
1822-01-01,21.1152,measuringworth_london (GBP->USD)
1823-01-01,20.304000000000002,measuringworth_london (GBP->USD)
1824-01-01,20.6001,measuringworth_london (GBP->USD)
1825-01-01,20.479200000000002,measuringworth_london (GBP->USD)
1826-01-01,20.811600000000002,measuringworth_london (GBP->USD)
1827-01-01,20.896200000000004,measuringworth_london (GBP->USD)
1828-01-01,20.8539,measuringworth_london (GBP->USD)
1829-01-01,20.6064,measuringworth_london (GBP->USD)
1830-01-01,20.1824,measuringworth_london (GBP->USD)
1831-01-01,20.655,measuringworth_london (GBP->USD)
1832-01-01,20.6064,measuringworth_london (GBP->USD)
1833-01-01,20.3096,measuringworth_london (GBP->USD)
1834-01-01,19.6736,measuringworth_london (GBP->USD)
1835-01-01,20.564,measuringworth_london (GBP->USD)
1836-01-01,20.4368,measuringworth_london (GBP->USD)
1837-01-01,21.624,measuringworth_london (GBP->USD)
1838-01-01,20.7336,measuringworth_london (GBP->USD)
1839-01-01,21.165000000000003,measuringworth_london (GBP->USD)
1840-01-01,21.200000000000003,measuringworth_london (GBP->USD)
1841-01-01,21.157600000000002,measuringworth_london (GBP->USD)
1842-01-01,20.352,measuringworth_london (GBP->USD)
1843-01-01,20.3096,measuringworth_london (GBP->USD)
1844-01-01,20.6064,measuringworth_london (GBP->USD)
1845-01-01,20.6488,measuringworth_london (GBP->USD)
1846-01-01,20.4368,measuringworth_london (GBP->USD)
1847-01-01,20.3096,measuringworth_london (GBP->USD)
1848-01-01,20.6488,measuringworth_london (GBP->USD)
1849-01-01,20.3944,measuringworth_london (GBP->USD)
1850-01-01,20.6488,measuringworth_london (GBP->USD)
1851-01-01,20.8184,measuringworth_london (GBP->USD)
1852-01-01,20.776000000000003,measuringworth_london (GBP->USD)
1853-01-01,20.7336,measuringworth_london (GBP->USD)
1854-01-01,20.691200000000002,measuringworth_london (GBP->USD)
1855-01-01,20.7336,measuringworth_london (GBP->USD)
1856-01-01,20.8184,measuringworth_london (GBP->USD)
1857-01-01,20.7336,measuringworth_london (GBP->USD)
1858-01-01,20.6064,measuringworth_london (GBP->USD)
1859-01-01,20.776000000000003,measuringworth_london (GBP->USD)
1860-01-01,20.564,measuringworth_london (GBP->USD)
1861-01-01,20.2248,measuringworth_london (GBP->USD)
1862-01-01,23.5744,measuringworth_london (GBP->USD)
1863-01-01,29.976800000000004,measuringworth_london (GBP->USD)
1864-01-01,42.272800000000004,measuringworth_london (GBP->USD)
1865-01-01,32.6056,measuringworth_london (GBP->USD)
1866-01-01,29.171200000000002,measuringworth_london (GBP->USD)
1867-01-01,28.62,measuringworth_london (GBP->USD)
1868-01-01,28.959200000000003,measuringworth_london (GBP->USD)
1869-01-01,27.475200000000005,measuringworth_london (GBP->USD)
1870-01-01,23.7016,measuringworth_london (GBP->USD)
1871-01-01,23.1504,measuringworth_london (GBP->USD)
1872-01-01,23.065600000000003,measuringworth_london (GBP->USD)
1873-01-01,23.532,measuringworth_london (GBP->USD)
1874-01-01,22.980800000000002,measuringworth_london (GBP->USD)
1875-01-01,23.7016,measuringworth_london (GBP->USD)
1876-01-01,22.980800000000002,measuringworth_london (GBP->USD)
1877-01-01,21.5392,measuringworth_london (GBP->USD)
1878-01-01,20.7336,measuringworth_london (GBP->USD)
1879-01-01,20.564,measuringworth_london (GBP->USD)
1880-01-01,20.564,measuringworth_london (GBP->USD)
1881-01-01,20.479200000000002,measuringworth_london (GBP->USD)
1882-01-01,20.6488,measuringworth_london (GBP->USD)
1883-01-01,20.564,measuringworth_london (GBP->USD)
1884-01-01,20.564,measuringworth_london (GBP->USD)
1885-01-01,20.6064,measuringworth_london (GBP->USD)
1886-01-01,20.6064,measuringworth_london (GBP->USD)
1887-01-01,20.564,measuringworth_london (GBP->USD)
1888-01-01,20.6488,measuringworth_london (GBP->USD)
1889-01-01,20.6488,measuringworth_london (GBP->USD)
1890-01-01,20.6064,measuringworth_london (GBP->USD)
1891-01-01,20.655,measuringworth_london (GBP->USD)
1892-01-01,20.6975,measuringworth_london (GBP->USD)
1893-01-01,20.655,measuringworth_london (GBP->USD)
1894-01-01,20.691200000000002,measuringworth_london (GBP->USD)
1895-01-01,20.7336,measuringworth_london (GBP->USD)
1896-01-01,20.6975,measuringworth_london (GBP->USD)
1897-01-01,20.655,measuringworth_london (GBP->USD)
1898-01-01,20.612499999999997,measuringworth_london (GBP->USD)
1899-01-01,20.6064,measuringworth_london (GBP->USD)
1900-01-01,20.655,measuringworth_london (GBP->USD)
1901-01-01,20.6975,measuringworth_london (GBP->USD)
1902-01-01,20.6488,measuringworth_london (GBP->USD)
1903-01-01,20.655,measuringworth_london (GBP->USD)
1904-01-01,20.6975,measuringworth_london (GBP->USD)
1905-01-01,20.6064,measuringworth_london (GBP->USD)
1906-01-01,20.612499999999997,measuringworth_london (GBP->USD)
1907-01-01,20.655,measuringworth_london (GBP->USD)
1908-01-01,20.6975,measuringworth_london (GBP->USD)
1909-01-01,20.6488,measuringworth_london (GBP->USD)
1910-01-01,20.6064,measuringworth_london (GBP->USD)
1911-01-01,20.6064,measuringworth_london (GBP->USD)
1912-01-01,20.6488,measuringworth_london (GBP->USD)
1913-01-01,20.6488,measuringworth_london (GBP->USD)
1914-01-01,20.9032,measuringworth_london (GBP->USD)
1915-01-01,20.1824,measuringworth_london (GBP->USD)
1916-01-01,20.2248,measuringworth_london (GBP->USD)
1917-01-01,20.1824,measuringworth_london (GBP->USD)
1918-01-01,20.1824,measuringworth_london (GBP->USD)
1919-01-01,19.935,measuringworth_london (GBP->USD)
1920-01-01,20.679000000000002,measuringworth_london (GBP->USD)
1921-01-01,20.5975,measuringworth_london (GBP->USD)
1922-01-01,20.6881,measuringworth_london (GBP->USD)
1923-01-01,20.6558,measuringworth_london (GBP->USD)
1924-01-01,20.7298,measuringworth_london (GBP->USD)
1925-01-01,20.6241,measuringworth_london (GBP->USD)
1926-01-01,20.655,measuringworth_london (GBP->USD)
1927-01-01,20.655,measuringworth_london (GBP->USD)
1928-01-01,20.6975,measuringworth_london (GBP->USD)
1929-01-01,20.655,measuringworth_london (GBP->USD)
1930-01-01,20.655,measuringworth_london (GBP->USD)
1931-01-01,21.0202,measuringworth_london (GBP->USD)
1932-01-01,20.709,measuringworth_london (GBP->USD)
1933-01-01,26.457600000000003,measuringworth_london (GBP->USD)
1934-01-01,34.6752,measuringworth_london (GBP->USD)
1935-01-01,34.839000000000006,measuringworth_london (GBP->USD)
1936-01-01,34.8397,measuringworth_london (GBP->USD)
1937-01-01,34.7776,measuringworth_london (GBP->USD)
1938-01-01,34.8657,measuringworth_london (GBP->USD)
1939-01-01,34.2768,measuringworth_london (GBP->USD)
1940-01-01,32.172000000000004,measuringworth_london (GBP->USD)
1941-01-01,33.852000000000004,measuringworth_london (GBP->USD)
1942-01-01,33.936,measuringworth_london (GBP->USD)
1943-01-01,33.936,measuringworth_london (GBP->USD)
1944-01-01,33.936,measuringworth_london (GBP->USD)
1945-01-01,33.852000000000004,measuringworth_london (GBP->USD)
1946-01-01,33.852000000000004,measuringworth_london (GBP->USD)
1947-01-01,33.852000000000004,measuringworth_london (GBP->USD)
1948-01-01,33.852000000000004,measuringworth_london (GBP->USD)
1949-01-01,30.996000000000002,measuringworth_london (GBP->USD)
1950-01-01,34.71,measuringworth_london
1951-01-01,34.71,measuringworth_london
1952-01-01,34.71,measuringworth_london
1953-01-01,34.71,measuringworth_london
1954-01-01,34.96,measuringworth_london
1955-01-01,35.01,measuringworth_london
1956-01-01,35.0,measuringworth_london
1957-01-01,34.95,measuringworth_london
1958-01-01,35.1,measuringworth_london
1959-01-01,35.09,measuringworth_london
1960-01-01,35.27,worldbank
1960-02-01,35.27,worldbank
1960-03-01,35.27,worldbank
1960-04-01,35.27,worldbank
1960-05-01,35.27,worldbank
1960-06-01,35.27,worldbank
1960-07-01,35.27,worldbank
1960-08-01,35.27,worldbank
1960-09-01,35.27,worldbank
1960-10-01,35.27,worldbank
1960-11-01,35.27,worldbank
1960-12-01,35.27,worldbank
1961-01-01,35.25,worldbank
1961-02-01,35.25,worldbank
1961-03-01,35.25,worldbank
1961-04-01,35.25,worldbank
1961-05-01,35.25,worldbank
1961-06-01,35.25,worldbank
1961-07-01,35.25,worldbank
1961-08-01,35.25,worldbank
1961-09-01,35.25,worldbank
1961-10-01,35.25,worldbank
1961-11-01,35.25,worldbank
1961-12-01,35.25,worldbank
1962-01-01,35.23,worldbank
1962-02-01,35.23,worldbank
1962-03-01,35.23,worldbank
1962-04-01,35.23,worldbank
1962-05-01,35.23,worldbank
1962-06-01,35.23,worldbank
1962-07-01,35.23,worldbank
1962-08-01,35.23,worldbank
1962-09-01,35.23,worldbank
1962-10-01,35.23,worldbank
1962-11-01,35.23,worldbank
1962-12-01,35.23,worldbank
1963-01-01,35.09,worldbank
1963-02-01,35.09,worldbank
1963-03-01,35.09,worldbank
1963-04-01,35.09,worldbank
1963-05-01,35.09,worldbank
1963-06-01,35.09,worldbank
1963-07-01,35.09,worldbank
1963-08-01,35.09,worldbank
1963-09-01,35.09,worldbank
1963-10-01,35.09,worldbank
1963-11-01,35.09,worldbank
1963-12-01,35.09,worldbank
1964-01-01,35.1,worldbank
1964-02-01,35.1,worldbank
1964-03-01,35.1,worldbank
1964-04-01,35.1,worldbank
1964-05-01,35.1,worldbank
1964-06-01,35.1,worldbank
1964-07-01,35.1,worldbank
1964-08-01,35.1,worldbank
1964-09-01,35.1,worldbank
1964-10-01,35.1,worldbank
1964-11-01,35.1,worldbank
1964-12-01,35.1,worldbank
1965-01-01,35.12,worldbank
1965-02-01,35.12,worldbank
1965-03-01,35.12,worldbank
1965-04-01,35.12,worldbank
1965-05-01,35.12,worldbank
1965-06-01,35.12,worldbank
1965-07-01,35.12,worldbank
1965-08-01,35.12,worldbank
1965-09-01,35.12,worldbank
1965-10-01,35.12,worldbank
1965-11-01,35.12,worldbank
1965-12-01,35.12,worldbank
1966-01-01,35.13,worldbank
1966-02-01,35.13,worldbank
1966-03-01,35.13,worldbank
1966-04-01,35.13,worldbank
1966-05-01,35.13,worldbank
1966-06-01,35.13,worldbank
1966-07-01,35.13,worldbank
1966-08-01,35.13,worldbank
1966-09-01,35.13,worldbank
1966-10-01,35.13,worldbank
1966-11-01,35.13,worldbank
1966-12-01,35.13,worldbank
1967-01-01,34.95,worldbank
1967-02-01,34.95,worldbank
1967-03-01,34.95,worldbank
1967-04-01,34.95,worldbank
1967-05-01,34.95,worldbank
1967-06-01,34.95,worldbank
1967-07-01,34.95,worldbank
1967-08-01,34.95,worldbank
1967-09-01,34.95,worldbank
1967-10-01,34.95,worldbank
1967-11-01,34.95,worldbank
1967-12-01,34.95,worldbank
1968-01-01,35.5,worldbank
1968-02-01,36.0,worldbank
1968-03-01,37.0,worldbank
1968-04-01,37.86,worldbank
1968-05-01,40.7,worldbank
1968-06-01,41.14,worldbank
1968-07-01,39.46,worldbank
1968-08-01,39.19,worldbank
1968-09-01,40.18,worldbank
1968-10-01,39.21,worldbank
1968-11-01,39.78,worldbank
1968-12-01,41.08,worldbank
1969-01-01,42.3,worldbank
1969-02-01,42.6,worldbank
1969-03-01,43.16,worldbank
1969-04-01,43.31,worldbank
1969-05-01,43.46,worldbank
1969-06-01,41.44,worldbank
1969-07-01,41.76,worldbank
1969-08-01,41.09,worldbank
1969-09-01,40.87,worldbank
1969-10-01,40.44,worldbank
1969-11-01,37.4,worldbank
1969-12-01,35.17,worldbank
1970-01-01,34.94,worldbank
1970-02-01,34.99,worldbank
1970-03-01,35.09,worldbank
1970-04-01,35.62,worldbank
1970-05-01,35.95,worldbank
1970-06-01,35.42,worldbank
1970-07-01,35.32,worldbank
1970-08-01,35.38,worldbank
1970-09-01,36.19,worldbank
1970-10-01,37.52,worldbank
1970-11-01,37.44,worldbank
1970-12-01,37.44,worldbank
1971-01-01,37.88,worldbank
1971-02-01,38.74,worldbank
1971-03-01,38.87,worldbank
1971-04-01,39.01,worldbank
1971-05-01,40.52,worldbank
1971-06-01,40.1,worldbank
1971-07-01,40.95,worldbank
1971-08-01,42.71,worldbank
1971-09-01,42.03,worldbank
1971-10-01,42.5,worldbank
1971-11-01,42.86,worldbank
1971-12-01,43.48,worldbank
1972-01-01,45.75,worldbank
1972-02-01,48.26,worldbank
1972-03-01,48.33,worldbank
1972-04-01,49.03,worldbank
1972-05-01,54.62,worldbank
1972-06-01,62.09,worldbank
1972-07-01,65.66,worldbank
1972-08-01,67.03,worldbank
1972-09-01,65.46,worldbank
1972-10-01,64.86,worldbank
1972-11-01,62.91,worldbank
1972-12-01,63.91,worldbank
1973-01-01,65.14,worldbank
1973-02-01,74.2,worldbank
1973-03-01,84.37,worldbank
1973-04-01,90.5,worldbank
1973-05-01,101.96,worldbank
1973-06-01,120.12,worldbank
1973-07-01,120.17,worldbank
1973-08-01,106.76,worldbank
1973-09-01,102.97,worldbank
1973-10-01,100.08,worldbank
1973-11-01,94.92,worldbank
1973-12-01,106.72,worldbank
1974-01-01,129.19,worldbank
1974-02-01,150.13,worldbank
1974-03-01,168.42,worldbank
1974-04-01,172.24,worldbank
1974-05-01,163.27,worldbank
1974-06-01,154.1,worldbank
1974-07-01,142.98,worldbank
1974-08-01,154.64,worldbank
1974-09-01,151.75,worldbank
1974-10-01,158.78,worldbank
1974-11-01,181.66,worldbank
1974-12-01,183.78,worldbank
1975-01-01,176.27,worldbank
1975-02-01,179.6,worldbank
1975-03-01,178.16,worldbank
1975-04-01,169.84,worldbank
1975-05-01,167.39,worldbank
1975-06-01,164.24,worldbank
1975-07-01,165.17,worldbank
1975-08-01,163.0,worldbank
1975-09-01,144.17,worldbank
1975-10-01,142.79,worldbank
1975-11-01,142.42,worldbank
1975-12-01,139.3,worldbank
1976-01-01,131.05,worldbank
1976-02-01,131.06,worldbank
1976-03-01,132.76,worldbank
1976-04-01,127.94,worldbank
1976-05-01,126.92,worldbank
1976-06-01,125.71,worldbank
1976-07-01,117.73,worldbank
1976-08-01,109.93,worldbank
1976-09-01,114.15,worldbank
1976-10-01,116.15,worldbank
1976-11-01,130.46,worldbank
1976-12-01,133.93,worldbank
1977-01-01,132.26,worldbank
1977-02-01,136.24,worldbank
1977-03-01,148.23,worldbank
1977-04-01,149.17,worldbank
1977-05-01,146.61,worldbank
1977-06-01,140.78,worldbank
1977-07-01,143.39,worldbank
1977-08-01,144.94,worldbank
1977-09-01,149.53,worldbank
1977-10-01,158.95,worldbank
1977-11-01,162.1,worldbank
1977-12-01,160.45,worldbank
1978-01-01,173.18,worldbank
1978-02-01,178.14,worldbank
1978-03-01,183.61,worldbank
1978-04-01,175.28,worldbank
1978-05-01,176.31,worldbank
1978-06-01,183.75,worldbank
1978-07-01,188.73,worldbank
1978-08-01,206.3,worldbank
1978-09-01,212.08,worldbank
1978-10-01,227.44,worldbank
1978-11-01,206.2,worldbank
1978-12-01,207.85,worldbank
1979-01-01,227.28,worldbank
1979-02-01,245.67,worldbank
1979-03-01,242.05,worldbank
1979-04-01,239.11,worldbank
1979-05-01,257.59,worldbank
1979-06-01,279.07,worldbank
1979-07-01,294.74,worldbank
1979-08-01,300.82,worldbank
1979-09-01,354.95,worldbank
1979-10-01,391.66,worldbank
1979-11-01,391.99,worldbank
1979-12-01,455.08,worldbank
1980-01-01,675.31,worldbank
1980-02-01,665.32,worldbank
1980-03-01,553.58,worldbank
1980-04-01,517.41,worldbank
1980-05-01,513.8,worldbank
1980-06-01,600.72,worldbank
1980-07-01,643.27,worldbank
1980-08-01,627.15,worldbank
1980-09-01,673.63,worldbank
1980-10-01,661.15,worldbank
1980-11-01,624.77,worldbank
1980-12-01,538.26,worldbank
1981-01-01,557.39,worldbank
1981-02-01,499.76,worldbank
1981-03-01,499.11,worldbank
1981-04-01,495.8,worldbank
1981-05-01,479.7,worldbank
1981-06-01,461.09,worldbank
1981-07-01,409.07,worldbank
1981-08-01,410.16,worldbank
1981-09-01,443.75,worldbank
1981-10-01,437.76,worldbank
1981-11-01,413.37,worldbank
1981-12-01,410.09,worldbank
1982-01-01,384.14,worldbank
1982-02-01,374.13,worldbank
1982-03-01,330.25,worldbank
1982-04-01,350.3,worldbank
1982-05-01,333.71,worldbank
1982-06-01,314.98,worldbank
1982-07-01,338.97,worldbank
1982-08-01,364.23,worldbank
1982-09-01,437.31,worldbank
1982-10-01,422.15,worldbank
1982-11-01,414.89,worldbank
1982-12-01,444.5,worldbank
1983-01-01,481.29,worldbank
1983-02-01,491.09,worldbank
1983-03-01,419.7,worldbank
1983-04-01,432.88,worldbank
1983-05-01,438.01,worldbank
1983-06-01,412.84,worldbank
1983-07-01,402.91,worldbank
1983-08-01,416.2,worldbank
1983-09-01,411.8,worldbank
1983-10-01,393.6,worldbank
1983-11-01,381.7,worldbank
1983-12-01,388.34,worldbank
1984-01-01,370.89,worldbank
1984-02-01,385.96,worldbank
1984-03-01,394.26,worldbank
1984-04-01,381.37,worldbank
1984-05-01,377.4,worldbank
1984-06-01,377.7,worldbank
1984-07-01,347.71,worldbank
1984-08-01,347.7,worldbank
1984-09-01,340.2,worldbank
1984-10-01,341.0,worldbank
1984-11-01,342.0,worldbank
1984-12-01,319.54,worldbank
1985-01-01,302.79,worldbank
1985-02-01,299.1,worldbank
1985-03-01,313.5,worldbank
1985-04-01,326.8,worldbank
1985-05-01,316.0,worldbank
1985-06-01,316.5,worldbank
1985-07-01,317.2,worldbank
1985-08-01,330.4,worldbank
1985-09-01,323.35,worldbank
1985-10-01,325.85,worldbank
1985-11-01,321.5,worldbank
1985-12-01,321.9,worldbank
1986-01-01,347.48,worldbank
1986-02-01,338.89,worldbank
1986-03-01,345.7,worldbank
1986-04-01,340.44,worldbank
1986-05-01,342.4,worldbank
1986-06-01,342.7,worldbank
1986-07-01,348.34,worldbank
1986-08-01,376.66,worldbank
1986-09-01,417.73,worldbank
1986-10-01,423.51,worldbank
1986-11-01,397.56,worldbank
1986-12-01,390.92,worldbank
1987-01-01,408.26,worldbank
1987-02-01,401.12,worldbank
1987-03-01,408.91,worldbank
1987-04-01,438.35,worldbank
1987-05-01,460.23,worldbank
1987-06-01,449.59,worldbank
1987-07-01,450.52,worldbank
1987-08-01,461.15,worldbank
1987-09-01,460.38,worldbank
1987-10-01,465.35,worldbank
1987-11-01,467.57,worldbank
1987-12-01,486.24,worldbank
1988-01-01,476.58,worldbank
1988-02-01,442.07,worldbank
1988-03-01,443.61,worldbank
1988-04-01,451.55,worldbank
1988-05-01,451.07,worldbank
1988-06-01,451.33,worldbank
1988-07-01,437.63,worldbank
1988-08-01,431.28,worldbank
1988-09-01,413.46,worldbank
1988-10-01,406.78,worldbank
1988-11-01,420.17,worldbank
1988-12-01,419.05,worldbank
1989-01-01,404.01,worldbank
1989-02-01,387.51,worldbank
1989-03-01,390.15,worldbank
1989-04-01,384.4,worldbank
1989-05-01,371.05,worldbank
1989-06-01,367.6,worldbank
1989-07-01,375.04,worldbank
1989-08-01,365.14,worldbank
1989-09-01,361.75,worldbank
1989-10-01,366.88,worldbank
1989-11-01,394.26,worldbank
1989-12-01,409.39,worldbank
1990-01-01,410.11,worldbank
1990-02-01,416.81,worldbank
1990-03-01,393.06,worldbank
1990-04-01,374.24,worldbank
1990-05-01,369.05,worldbank
1990-06-01,352.33,worldbank
1990-07-01,362.53,worldbank
1990-08-01,394.73,worldbank
1990-09-01,389.32,worldbank
1990-10-01,380.74,worldbank
1990-11-01,381.73,worldbank
1990-12-01,376.95,worldbank
1991-01-01,383.64,worldbank
1991-02-01,363.83,worldbank
1991-03-01,363.34,worldbank
1991-04-01,358.38,worldbank
1991-05-01,356.95,worldbank
1991-06-01,366.72,worldbank
1991-07-01,367.69,worldbank
1991-08-01,356.31,worldbank
1991-09-01,348.74,worldbank
1991-10-01,358.69,worldbank
1991-11-01,360.17,worldbank
1991-12-01,361.73,worldbank
1992-01-01,354.45,worldbank
1992-02-01,353.91,worldbank
1992-03-01,344.34,worldbank
1992-04-01,338.62,worldbank
1992-05-01,337.24,worldbank
1992-06-01,340.81,worldbank
1992-07-01,352.72,worldbank
1992-08-01,343.06,worldbank
1992-09-01,345.43,worldbank
1992-10-01,344.38,worldbank
1992-11-01,335.02,worldbank
1992-12-01,334.82,worldbank
1993-01-01,329.01,worldbank
1993-02-01,329.31,worldbank
1993-03-01,330.08,worldbank
1993-04-01,342.15,worldbank
1993-05-01,367.18,worldbank
1993-06-01,371.89,worldbank
1993-07-01,392.19,worldbank
1993-08-01,378.84,worldbank
1993-09-01,355.28,worldbank
1993-10-01,364.18,worldbank
1993-11-01,373.83,worldbank
1993-12-01,383.3,worldbank
1994-01-01,386.88,worldbank
1994-02-01,381.91,worldbank
1994-03-01,384.13,worldbank
1994-04-01,377.27,worldbank
1994-05-01,381.43,worldbank
1994-06-01,385.64,worldbank
1994-07-01,385.49,worldbank
1994-08-01,380.36,worldbank
1994-09-01,391.58,worldbank
1994-10-01,389.77,worldbank
1994-11-01,384.39,worldbank
1994-12-01,379.29,worldbank
1995-01-01,378.55,worldbank
1995-02-01,376.64,worldbank
1995-03-01,382.12,worldbank
1995-04-01,391.03,worldbank
1995-05-01,385.22,worldbank
1995-06-01,387.56,worldbank
1995-07-01,386.23,worldbank
1995-08-01,383.67,worldbank
1995-09-01,383.06,worldbank
1995-10-01,383.14,worldbank
1995-11-01,385.31,worldbank
1995-12-01,387.44,worldbank
1996-01-01,399.45,worldbank
1996-02-01,404.76,worldbank
1996-03-01,396.21,worldbank
1996-04-01,392.85,worldbank
1996-05-01,391.93,worldbank
1996-06-01,385.27,worldbank
1996-07-01,383.47,worldbank
1996-08-01,387.35,worldbank
1996-09-01,383.14,worldbank
1996-10-01,381.07,worldbank
1996-11-01,377.85,worldbank
1996-12-01,369.0,worldbank
1997-01-01,355.11,worldbank
1997-02-01,346.58,worldbank
1997-03-01,351.81,worldbank
1997-04-01,344.47,worldbank
1997-05-01,343.84,worldbank
1997-06-01,340.76,worldbank
1997-07-01,324.1,worldbank
1997-08-01,324.01,worldbank
1997-09-01,322.82,worldbank
1997-10-01,324.87,worldbank
1997-11-01,306.04,worldbank
1997-12-01,288.74,worldbank
1998-01-01,289.1,worldbank
1998-02-01,297.49,worldbank
1998-03-01,295.94,worldbank
1998-04-01,308.29,worldbank
1998-05-01,299.1,worldbank
1998-06-01,292.32,worldbank
1998-07-01,292.87,worldbank
1998-08-01,284.11,worldbank
1998-09-01,288.98,worldbank
1998-10-01,295.93,worldbank
1998-11-01,294.12,worldbank
1998-12-01,291.68,worldbank
1999-01-01,287.08,worldbank
1999-02-01,287.33,worldbank
1999-03-01,285.96,worldbank
1999-04-01,282.62,worldbank
1999-05-01,276.44,worldbank
1999-06-01,261.31,worldbank
1999-07-01,256.08,worldbank
1999-08-01,256.69,worldbank
1999-09-01,264.74,worldbank
1999-10-01,310.72,worldbank
1999-11-01,293.18,worldbank
1999-12-01,283.07,worldbank
2000-01-01,284.32,worldbank
2000-02-01,299.86,worldbank
2000-03-01,286.39,worldbank
2000-04-01,279.69,worldbank
2000-05-01,275.19,worldbank
2000-06-01,285.73,worldbank
2000-07-01,281.59,worldbank
2000-08-01,274.47,worldbank
2000-09-01,273.68,worldbank
2000-10-01,270.0,worldbank
2000-11-01,266.01,worldbank
2000-12-01,271.45,worldbank
2001-01-01,265.49,worldbank
2001-02-01,261.87,worldbank
2001-03-01,263.03,worldbank
2001-04-01,260.48,worldbank
2001-05-01,272.36,worldbank
2001-06-01,270.23,worldbank
2001-07-01,267.53,worldbank
2001-08-01,272.39,worldbank
2001-09-01,283.42,worldbank
2001-10-01,283.06,worldbank
2001-11-01,276.16,worldbank
2001-12-01,275.85,worldbank
2002-01-01,281.51,worldbank
2002-02-01,295.5,worldbank
2002-03-01,294.06,worldbank
2002-04-01,302.68,worldbank
2002-05-01,314.49,worldbank
2002-06-01,321.18,worldbank
2002-07-01,313.29,worldbank
2002-08-01,310.26,worldbank
2002-09-01,319.14,worldbank
2002-10-01,316.56,worldbank
2002-11-01,319.07,worldbank
2002-12-01,331.92,worldbank
2003-01-01,356.859,worldbank
2003-02-01,358.97,worldbank
2003-03-01,340.55,worldbank
2003-04-01,328.18,worldbank
2003-05-01,355.683,worldbank
2003-06-01,356.352,worldbank
2003-07-01,351.02,worldbank
2003-08-01,359.768,worldbank
2003-09-01,378.945,worldbank
2003-10-01,378.92,worldbank
2003-11-01,389.91,worldbank
2003-12-01,406.953,worldbank
2004-01-01,413.788,worldbank
2004-02-01,404.878,worldbank
2004-03-01,406.667,worldbank
2004-04-01,403.26,worldbank
2004-05-01,383.779,worldbank
2004-06-01,392.373,worldbank
2004-07-01,398.091,worldbank
2004-08-01,400.51,worldbank
2004-09-01,405.275,worldbank
2004-10-01,420.464,worldbank
2004-11-01,439.375,worldbank
2004-12-01,442.079,worldbank
2005-01-01,424.03,worldbank
2005-02-01,423.35,worldbank
2005-03-01,433.85,worldbank
2005-04-01,429.233,worldbank
2005-05-01,421.873,worldbank
2005-06-01,430.657,worldbank
2005-07-01,424.479,worldbank
2005-08-01,437.93,worldbank
2005-09-01,456.048,worldbank
2005-10-01,469.898,worldbank
2005-11-01,476.666,worldbank
2005-12-01,510.097,worldbank
2006-01-01,549.864,worldbank
2006-02-01,554.995,worldbank
2006-03-01,557.093,worldbank
2006-04-01,610.653,worldbank
2006-05-01,675.393,worldbank
2006-06-01,596.145,worldbank
2006-07-01,633.71,worldbank
2006-08-01,632.593,worldbank
2006-09-01,598.186,worldbank
2006-10-01,585.78,worldbank
2006-11-01,627.827,worldbank
2006-12-01,629.791,worldbank
2007-01-01,631.166,worldbank
2007-02-01,664.745,worldbank
2007-03-01,654.895,worldbank
2007-04-01,679.368,worldbank
2007-05-01,667.31,worldbank
2007-06-01,655.66,worldbank
2007-07-01,665.38,worldbank
2007-08-01,665.411,worldbank
2007-09-01,712.653,worldbank
2007-10-01,754.604,worldbank
2007-11-01,806.248,worldbank
2007-12-01,803.203,worldbank
2008-01-01,889.595,worldbank
2008-02-01,922.298,worldbank
2008-03-01,968.434,worldbank
2008-04-01,909.705,worldbank
2008-05-01,888.663,worldbank
2008-06-01,889.488,worldbank
2008-07-01,939.772,worldbank
2008-08-01,839.025,worldbank
2008-09-01,829.932,worldbank
2008-10-01,806.62,worldbank
2008-11-01,760.863,worldbank
2008-12-01,816.092,worldbank
2009-01-01,858.69,worldbank
2009-02-01,943.0,worldbank
2009-03-01,924.273,worldbank
2009-04-01,890.2,worldbank
2009-05-01,928.645,worldbank
2009-06-01,945.67,worldbank
2009-07-01,934.228,worldbank
2009-08-01,949.375,worldbank
2009-09-01,996.591,worldbank
2009-10-01,1043.159,worldbank
2009-11-01,1127.036,worldbank
2009-12-01,1134.724,worldbank
2010-01-01,1117.963,worldbank
2010-02-01,1095.413,worldbank
2010-03-01,1113.337,worldbank
2010-04-01,1148.688,worldbank
2010-05-01,1205.434,worldbank
2010-06-01,1232.92,worldbank
2010-07-01,1192.966,worldbank
2010-08-01,1215.81,worldbank
2010-09-01,1270.977,worldbank
2010-10-01,1342.024,worldbank
2010-11-01,1369.886,worldbank
2010-12-01,1390.553,worldbank
2011-01-01,1360.46,worldbank
2011-02-01,1374.68,worldbank
2011-03-01,1423.26,worldbank
2011-04-01,1480.89,worldbank
2011-05-01,1512.58,worldbank
2011-06-01,1529.36,worldbank
2011-07-01,1572.75,worldbank
2011-08-01,1759.01,worldbank
2011-09-01,1772.14,worldbank
2011-10-01,1666.43,worldbank
2011-11-01,1739.0,worldbank
2011-12-01,1639.97,worldbank
2012-01-01,1654.05,worldbank
2012-02-01,1744.82,worldbank
2012-03-01,1675.95,worldbank
2012-04-01,1649.2,worldbank
2012-05-01,1589.04,worldbank
2012-06-01,1598.76,worldbank
2012-07-01,1594.29,worldbank
2012-08-01,1630.31,worldbank
2012-09-01,1744.81,worldbank
2012-10-01,1746.58,worldbank
2012-11-01,1721.64,worldbank
2012-12-01,1684.762,worldbank
2013-01-01,1671.84782608696,worldbank
2013-02-01,1627.57,worldbank
2013-03-01,1593.08619047619,worldbank
2013-04-01,1487.85727272727,worldbank
2013-05-01,1414.02695652174,worldbank
2013-06-01,1343.35,worldbank
2013-07-01,1285.51565217391,worldbank
2013-08-01,1351.74181818182,worldbank
2013-09-01,1348.6,worldbank
2013-10-01,1316.58,worldbank
2013-11-01,1275.86,worldbank
2013-12-01,1221.5119047619,worldbank
2014-01-01,1244.27,worldbank
2014-02-01,1299.58,worldbank
2014-03-01,1336.08,worldbank
2014-04-01,1298.45,worldbank
2014-05-01,1288.74,worldbank
2014-06-01,1279.1,worldbank
2014-07-01,1310.59,worldbank
2014-08-01,1295.13,worldbank
2014-09-01,1236.55,worldbank
2014-10-01,1222.49,worldbank
2014-11-01,1175.33,worldbank
2014-12-01,1200.62,worldbank
2015-01-01,1250.75,worldbank
2015-02-01,1227.08,worldbank
2015-03-01,1178.63,worldbank
2015-04-01,1198.93,worldbank
2015-05-01,1198.63,worldbank
2015-06-01,1181.5,worldbank
2015-07-01,1128.31,worldbank
2015-08-01,1117.93,worldbank
2015-09-01,1124.77,worldbank
2015-10-01,1159.25,worldbank
2015-11-01,1086.44,worldbank
2015-12-01,1075.74,worldbank
2016-01-01,1097.91,worldbank
2016-02-01,1199.5,worldbank
2016-03-01,1245.14,worldbank
2016-04-01,1242.26,worldbank
2016-05-01,1260.95,worldbank
2016-06-01,1276.4,worldbank
2016-07-01,1336.66,worldbank
2016-08-01,1340.17,worldbank
2016-09-01,1326.61,worldbank
2016-10-01,1266.55,worldbank
2016-11-01,1238.35,worldbank
2016-12-01,1157.36,worldbank
2017-01-01,1192.1,worldbank
2017-02-01,1234.2,worldbank
2017-03-01,1231.42,worldbank
2017-04-01,1266.88,worldbank
2017-05-01,1246.04,worldbank
2017-06-01,1260.26,worldbank
2017-07-01,1236.84,worldbank
2017-08-01,1283.04,worldbank
2017-09-01,1314.07,worldbank
2017-10-01,1279.51,worldbank
2017-11-01,1281.9,worldbank
2017-12-01,1264.45,worldbank
2018-01-01,1331.3,worldbank
2018-02-01,1330.73,worldbank
2018-03-01,1324.66,worldbank
2018-04-01,1334.76,worldbank
2018-05-01,1303.45,worldbank
2018-06-01,1281.57,worldbank
2018-07-01,1237.71,worldbank
2018-08-01,1201.71,worldbank
2018-09-01,1198.39,worldbank
2018-10-01,1215.39,worldbank
2018-11-01,1220.65,worldbank
2018-12-01,1250.4,worldbank
2019-01-01,1291.75,worldbank
2019-02-01,1320.07,worldbank
2019-03-01,1300.9,worldbank
2019-04-01,1285.91,worldbank
2019-05-01,1283.7,worldbank
2019-06-01,1359.04,worldbank
2019-07-01,1412.89,worldbank
2019-08-01,1500.41,worldbank
2019-09-01,1510.58,worldbank
2019-10-01,1494.81,worldbank
2019-11-01,1470.79,worldbank
2019-12-01,1479.13,worldbank
2020-01-01,1560.67,worldbank
2020-02-01,1597.1,worldbank
2020-03-01,1591.93,worldbank
2020-04-01,1683.17,worldbank
2020-05-01,1715.91,worldbank
2020-06-01,1732.22,worldbank
2020-07-01,1846.51,worldbank
2020-08-01,1968.63,worldbank
2020-09-01,1921.92,worldbank
2020-10-01,1900.27,worldbank
2020-11-01,1866.3,worldbank
2020-12-01,1858.42,worldbank
2021-01-01,1866.98,worldbank
2021-01-01,1866.98,worldbank
2021-02-01,1808.17,worldbank
2021-03-01,1718.23,worldbank
2021-04-01,1760.04,worldbank
2021-05-01,1850.26,worldbank
2021-06-01,1834.57,worldbank
2021-07-01,1807.84,worldbank
2021-08-01,1785.28,worldbank
2021-09-01,1775.14,worldbank
2021-10-01,1776.85,worldbank
2021-11-01,1821.76,worldbank
2021-12-01,1790.43,worldbank
2022-01-01,1816.02,worldbank
2022-02-01,1856.3,worldbank
2022-03-01,1947.83,worldbank
2022-04-01,1936.86,worldbank
2022-05-01,1848.5,worldbank
2022-06-01,1836.57,worldbank
2022-07-01,1732.74,worldbank
2022-08-01,1764.56,worldbank
2022-09-01,1680.78,worldbank
2022-10-01,1664.45,worldbank
2022-11-01,1725.07,worldbank
2022-12-01,1797.55,worldbank
2023-01-01,1897.71,worldbank
2023-02-01,1854.54,worldbank
2023-03-01,1912.73,worldbank
2023-04-01,1999.77,worldbank
2023-05-01,1992.13,worldbank
2023-06-01,1942.9,worldbank
2023-07-01,1951.02,worldbank
2023-08-01,1918.7,worldbank
2023-09-01,1915.95,worldbank
2023-10-01,1916.25,worldbank
2023-11-01,1984.11,worldbank
2023-12-01,2026.18,worldbank
2024-01-01,2034.04,worldbank
2024-02-01,2023.24,worldbank
2024-03-01,2158.01,worldbank
2024-04-01,2331.45,worldbank
2024-05-01,2351.13,worldbank
2024-06-01,2326.44,worldbank
2024-07-01,2398.2,worldbank
2024-08-01,2470.15,worldbank
2024-09-01,2570.55,worldbank
2024-10-01,2690.08,worldbank
2024-11-01,2651.13,worldbank
2024-12-01,2648.01,worldbank
2025-01-02,2658.89990234375,yahoo_finance
2025-01-03,2645.0,yahoo_finance
2025-01-06,2638.39990234375,yahoo_finance
2025-01-07,2656.699951171875,yahoo_finance
2025-01-08,2664.5,yahoo_finance
2025-01-09,2683.800048828125,yahoo_finance
2025-01-10,2708.5,yahoo_finance
2025-01-13,2673.5,yahoo_finance
2025-01-14,2677.5,yahoo_finance
2025-01-15,2712.5,yahoo_finance
2025-01-16,2746.39990234375,yahoo_finance
2025-01-17,2744.300048828125,yahoo_finance
2025-01-21,2755.0,yahoo_finance
2025-01-22,2767.60009765625,yahoo_finance
2025-01-23,2763.10009765625,yahoo_finance
2025-01-24,2777.300048828125,yahoo_finance
2025-01-27,2737.5,yahoo_finance
2025-01-28,2766.800048828125,yahoo_finance
2025-01-29,2769.10009765625,yahoo_finance
2025-01-30,2823.0,yahoo_finance
2025-01-31,2812.5,yahoo_finance
2025-02-03,2833.89990234375,yahoo_finance
2025-02-04,2853.300048828125,yahoo_finance
2025-02-05,2871.60009765625,yahoo_finance
2025-02-06,2856.0,yahoo_finance
2025-02-07,2867.300048828125,yahoo_finance
2025-02-10,2914.300048828125,yahoo_finance
2025-02-11,2912.5,yahoo_finance
2025-02-12,2909.0,yahoo_finance
2025-02-13,2925.89990234375,yahoo_finance
2025-02-14,2883.60009765625,yahoo_finance
2025-02-18,2931.60009765625,yahoo_finance
2025-02-19,2919.39990234375,yahoo_finance
2025-02-20,2940.0,yahoo_finance
2025-02-21,2937.60009765625,yahoo_finance
2025-02-24,2947.89990234375,yahoo_finance
2025-02-25,2904.5,yahoo_finance
2025-02-26,2916.800048828125,yahoo_finance
2025-02-27,2883.199951171875,yahoo_finance
2025-02-28,2836.800048828125,yahoo_finance
2025-03-03,2890.199951171875,yahoo_finance
2025-03-04,2909.60009765625,yahoo_finance
2025-03-05,2915.300048828125,yahoo_finance
2025-03-06,2916.60009765625,yahoo_finance
2025-03-07,2904.699951171875,yahoo_finance
2025-03-10,2891.0,yahoo_finance
2025-03-11,2912.89990234375,yahoo_finance
2025-03-12,2939.10009765625,yahoo_finance
2025-03-13,2984.300048828125,yahoo_finance
2025-03-14,2994.5,yahoo_finance
2025-03-17,3000.0,yahoo_finance
2025-03-18,3035.10009765625,yahoo_finance
2025-03-19,3035.89990234375,yahoo_finance
2025-03-20,3040.0,yahoo_finance
2025-03-21,3018.199951171875,yahoo_finance
2025-03-24,3013.10009765625,yahoo_finance
2025-03-25,3023.699951171875,yahoo_finance
2025-03-26,3020.89990234375,yahoo_finance
2025-03-27,3060.199951171875,yahoo_finance
2025-03-28,3086.5,yahoo_finance
2025-03-31,3122.800048828125,yahoo_finance
2025-04-01,3118.89990234375,yahoo_finance
2025-04-02,3139.89990234375,yahoo_finance
2025-04-03,3097.0,yahoo_finance
2025-04-04,3012.0,yahoo_finance
2025-04-07,2951.300048828125,yahoo_finance
2025-04-08,2968.39990234375,yahoo_finance
2025-04-09,3056.5,yahoo_finance
2025-04-10,3155.199951171875,yahoo_finance
2025-04-11,3222.199951171875,yahoo_finance
2025-04-14,3204.800048828125,yahoo_finance
2025-04-15,3218.699951171875,yahoo_finance
2025-04-16,3326.60009765625,yahoo_finance
2025-04-17,3308.699951171875,yahoo_finance
2025-04-21,3406.199951171875,yahoo_finance
2025-04-22,3400.800048828125,yahoo_finance
2025-04-23,3276.300048828125,yahoo_finance
2025-04-24,3332.0,yahoo_finance
2025-04-25,3282.39990234375,yahoo_finance
2025-04-28,3332.5,yahoo_finance
2025-04-29,3318.800048828125,yahoo_finance
2025-04-30,3305.0,yahoo_finance
2025-05-01,3210.0,yahoo_finance
2025-05-02,3231.89990234375,yahoo_finance
2025-05-05,3311.300048828125,yahoo_finance
2025-05-06,3411.39990234375,yahoo_finance
2025-05-07,3381.39990234375,yahoo_finance
2025-05-08,3296.60009765625,yahoo_finance
2025-05-09,3335.39990234375,yahoo_finance
2025-05-12,3220.0,yahoo_finance
2025-05-13,3240.300048828125,yahoo_finance
2025-05-14,3181.39990234375,yahoo_finance
2025-05-15,3220.699951171875,yahoo_finance
2025-05-16,3182.0,yahoo_finance
2025-05-19,3228.89990234375,yahoo_finance
2025-05-20,3280.300048828125,yahoo_finance
2025-05-21,3309.300048828125,yahoo_finance
2025-05-22,3292.300048828125,yahoo_finance
2025-05-23,3363.60009765625,yahoo_finance
2025-05-27,3299.10009765625,yahoo_finance
2025-05-28,3293.60009765625,yahoo_finance
2025-05-29,3317.10009765625,yahoo_finance
2025-05-30,3288.89990234375,yahoo_finance
2025-06-02,3370.60009765625,yahoo_finance
2025-06-03,3350.199951171875,yahoo_finance
2025-06-04,3373.5,yahoo_finance
2025-06-05,3350.699951171875,yahoo_finance
2025-06-06,3322.699951171875,yahoo_finance
2025-06-09,3332.10009765625,yahoo_finance
2025-06-10,3320.89990234375,yahoo_finance
2025-06-11,3321.300048828125,yahoo_finance
2025-06-12,3380.89990234375,yahoo_finance
2025-06-13,3431.199951171875,yahoo_finance
2025-06-16,3396.39990234375,yahoo_finance
2025-06-17,3386.60009765625,yahoo_finance
2025-06-18,3389.800048828125,yahoo_finance
2025-06-20,3368.10009765625,yahoo_finance
2025-06-23,3377.699951171875,yahoo_finance
2025-06-24,3317.39990234375,yahoo_finance
2025-06-25,3327.10009765625,yahoo_finance
2025-06-26,3333.5,yahoo_finance
2025-06-27,3273.699951171875,yahoo_finance
2025-06-30,3294.39990234375,yahoo_finance
2025-07-01,3336.699951171875,yahoo_finance
2025-07-02,3348.0,yahoo_finance
2025-07-03,3331.60009765625,yahoo_finance
2025-07-04,3332.5,yahoo_finance
2025-07-07,3332.199951171875,yahoo_finance
2025-07-08,3307.0,yahoo_finance
2025-07-09,3311.60009765625,yahoo_finance
2025-07-10,3317.39990234375,yahoo_finance
2025-07-11,3356.0,yahoo_finance
2025-07-14,3351.5,yahoo_finance
2025-07-15,3329.800048828125,yahoo_finance
2025-07-16,3352.5,yahoo_finance
2025-07-17,3340.10009765625,yahoo_finance
2025-07-18,3353.0,yahoo_finance
2025-07-21,3401.89990234375,yahoo_finance
2025-07-22,3439.199951171875,yahoo_finance
2025-07-23,3394.10009765625,yahoo_finance
2025-07-24,3371.0,yahoo_finance
2025-07-25,3334.0,yahoo_finance
2025-07-28,3309.10009765625,yahoo_finance
2025-07-29,3323.39990234375,yahoo_finance
2025-07-30,3295.800048828125,yahoo_finance
2025-07-31,3293.199951171875,yahoo_finance
2025-08-01,3347.699951171875,yahoo_finance
2025-08-04,3374.39990234375,yahoo_finance
2025-08-05,3381.89990234375,yahoo_finance
2025-08-06,3380.0,yahoo_finance
2025-08-07,3400.300048828125,yahoo_finance
2025-08-08,3439.10009765625,yahoo_finance
2025-08-11,3353.10009765625,yahoo_finance
2025-08-12,3348.89990234375,yahoo_finance
2025-08-13,3358.699951171875,yahoo_finance
2025-08-14,3335.199951171875,yahoo_finance
2025-08-15,3336.0,yahoo_finance
2025-08-18,3331.699951171875,yahoo_finance
2025-08-19,3313.39990234375,yahoo_finance
2025-08-20,3343.39990234375,yahoo_finance
2025-08-21,3336.89990234375,yahoo_finance
2025-08-22,3374.39990234375,yahoo_finance
2025-08-25,3373.800048828125,yahoo_finance
2025-08-26,3388.60009765625,yahoo_finance
2025-08-27,3404.60009765625,yahoo_finance
2025-08-28,3431.800048828125,yahoo_finance
2025-08-29,3473.699951171875,yahoo_finance
2025-09-02,3549.39990234375,yahoo_finance
2025-09-03,3593.199951171875,yahoo_finance
2025-09-04,3565.800048828125,yahoo_finance
2025-09-05,3613.199951171875,yahoo_finance
2025-09-08,3638.10009765625,yahoo_finance
2025-09-09,3643.300048828125,yahoo_finance
2025-09-10,3643.60009765625,yahoo_finance
2025-09-11,3636.89990234375,yahoo_finance
2025-09-12,3649.39990234375,yahoo_finance
2025-09-15,3682.199951171875,yahoo_finance
2025-09-16,3688.89990234375,yahoo_finance
2025-09-17,3681.800048828125,yahoo_finance
2025-09-18,3643.699951171875,yahoo_finance
2025-09-19,3671.5,yahoo_finance
2025-09-22,3740.699951171875,yahoo_finance
2025-09-23,3780.60009765625,yahoo_finance
2025-09-24,3732.10009765625,yahoo_finance
2025-09-25,3736.89990234375,yahoo_finance
2025-09-26,3775.300048828125,yahoo_finance
2025-09-29,3820.89990234375,yahoo_finance
2025-09-30,3840.800048828125,yahoo_finance
2025-10-01,3867.5,yahoo_finance
2025-10-02,3839.699951171875,yahoo_finance
2025-10-03,3880.800048828125,yahoo_finance
2025-10-06,3948.5,yahoo_finance
2025-10-07,3976.60009765625,yahoo_finance
2025-10-08,4043.300048828125,yahoo_finance
2025-10-09,3946.300048828125,yahoo_finance
2025-10-10,3975.89990234375,yahoo_finance
2025-10-13,4108.60009765625,yahoo_finance
2025-10-14,4138.7001953125,yahoo_finance
2025-10-15,4176.89990234375,yahoo_finance
2025-10-16,4280.2001953125,yahoo_finance
2025-10-17,4189.89990234375,yahoo_finance
2025-10-20,4336.39990234375,yahoo_finance
2025-10-21,4087.699951171875,yahoo_finance
2025-10-22,4044.39990234375,yahoo_finance
2025-10-23,4125.5,yahoo_finance
2025-10-24,4118.39990234375,yahoo_finance
2025-10-27,4001.89990234375,yahoo_finance
2025-10-28,3966.199951171875,yahoo_finance
2025-10-29,3983.699951171875,yahoo_finance
2025-10-30,4001.300048828125,yahoo_finance
2025-10-31,3982.199951171875,yahoo_finance
2025-11-03,4000.300048828125,yahoo_finance
2025-11-04,3947.699951171875,yahoo_finance
2025-11-05,3980.300048828125,yahoo_finance
2025-11-06,3979.89990234375,yahoo_finance
2025-11-07,3999.39990234375,yahoo_finance
2025-11-10,4111.7998046875,yahoo_finance
2025-11-11,4106.7998046875,yahoo_finance
2025-11-12,4204.39990234375,yahoo_finance
2025-11-13,4186.89990234375,yahoo_finance
2025-11-14,4087.60009765625,yahoo_finance
2025-11-17,4068.300048828125,yahoo_finance
2025-11-18,4061.300048828125,yahoo_finance
2025-11-19,4077.699951171875,yahoo_finance
2025-11-20,4056.5,yahoo_finance
2025-11-21,4076.699951171875,yahoo_finance
2025-11-24,4091.89990234375,yahoo_finance
2025-11-25,4139.2001953125,yahoo_finance
2025-11-26,4165.2001953125,yahoo_finance
2025-11-28,4218.2998046875,yahoo_finance
2025-12-01,4239.2998046875,yahoo_finance
2025-12-02,4186.60009765625,yahoo_finance
2025-12-03,4199.2998046875,yahoo_finance
2025-12-04,4211.7998046875,yahoo_finance
2025-12-05,4212.89990234375,yahoo_finance
2025-12-08,4187.2001953125,yahoo_finance
2025-12-09,4206.7001953125,yahoo_finance
2025-12-10,4196.39990234375,yahoo_finance
2025-12-11,4285.5,yahoo_finance
2025-12-12,4300.10009765625,yahoo_finance
2025-12-15,4306.7001953125,yahoo_finance
2025-12-16,4304.5,yahoo_finance
2025-12-17,4347.5,yahoo_finance
2025-12-18,4339.5,yahoo_finance
2025-12-19,4361.39990234375,yahoo_finance
2025-12-22,4444.60009765625,yahoo_finance
2025-12-23,4482.7998046875,yahoo_finance
2025-12-24,4480.60009765625,yahoo_finance
2025-12-26,4529.10009765625,yahoo_finance
2025-12-29,4325.10009765625,yahoo_finance
2025-12-30,4370.10009765625,yahoo_finance
2025-12-31,4325.60009765625,yahoo_finance
2026-01-02,4314.39990234375,yahoo_finance
2026-01-05,4436.89990234375,yahoo_finance
2026-01-06,4482.2001953125,yahoo_finance
2026-01-07,4449.2998046875,yahoo_finance
2026-01-08,4449.7001953125,yahoo_finance
2026-01-09,4490.2998046875,yahoo_finance
2026-01-12,4604.2998046875,yahoo_finance
2026-01-13,4589.2001953125,yahoo_finance
2026-01-14,4626.2998046875,yahoo_finance
2026-01-15,4616.2998046875,yahoo_finance
2026-01-16,4588.39990234375,yahoo_finance
2026-01-20,4759.60009765625,yahoo_finance
2026-01-21,4831.7998046875,yahoo_finance
2026-01-22,4908.7998046875,yahoo_finance
2026-01-23,4976.2001953125,yahoo_finance
2026-01-26,5079.7001953125,yahoo_finance
2026-01-27,5079.89990234375,yahoo_finance
2026-01-28,5301.60009765625,yahoo_finance
2026-01-29,5318.39990234375,yahoo_finance
2026-01-30,4713.89990234375,yahoo_finance
2026-02-02,4622.5,yahoo_finance
2026-02-03,4903.7001953125,yahoo_finance
2026-02-04,4920.39990234375,yahoo_finance
2026-02-05,4861.39990234375,yahoo_finance
2026-02-06,4951.2001953125,yahoo_finance
2026-02-09,5050.89990234375,yahoo_finance
2026-02-10,5003.7998046875,yahoo_finance
2026-02-11,5071.60009765625,yahoo_finance
2026-02-12,4923.7001953125,yahoo_finance
2026-02-13,5022.0,yahoo_finance
2026-02-17,4882.89990234375,yahoo_finance
2026-02-18,4986.5,yahoo_finance
2026-02-19,4975.89990234375,yahoo_finance
2026-02-20,5059.2998046875,yahoo_finance
